2015-03-10T07:12:00Z,24.29787000,62.00399000,91.5
2015-03-10T07:11:00Z,24.29458000,61.98094000,86.5
2015-03-10T07:10:00Z,24.29151000,61.96166000,89.0
2015-03-10T07:08:00Z,24.28513000,61.92012000,97.5
2015-03-10T07:07:00Z,24.28091000,61.89835000,102.5
2015-03-10T07:06:00Z,24.27703000,61.87463000,103.5
2015-03-10T07:05:00Z,24.27440000,61.85455000,103.5
2015-03-10T07:03:00Z,24.26695000,61.81303000,99.5
2015-03-10T07:02:00Z,24.26469000,61.79148000,99.0
2015-03-10T07:01:00Z,24.26264000,61.77213000,99.0
2015-03-10T07:00:00Z,24.26008000,61.75063000,97.75
2015-03-10T06:58:00Z,24.25335000,61.71004000,98.25
2015-03-10T06:57:00Z,24.24839000,61.69088000,99.75
2015-03-10T06:56:00Z,24.24396000,61.67256000,99.25
2015-03-10T06:55:00Z,24.23767000,61.65068000,98.75
2015-03-10T06:53:00Z,24.22728000,61.61032000,99.0
2015-03-10T06:52:00Z,24.22395000,61.59230000,98.5
2015-03-10T06:51:00Z,24.21880000,61.57080000,97.25
2015-03-10T06:49:00Z,24.20826000,61.53108000,89.25
2015-03-10T06:48:00Z,24.20288000,61.51130000,92.75
2015-03-10T06:47:00Z,24.19718000,61.49012000,92.0
2015-03-10T06:46:00Z,24.19255000,61.47177000,93.25
2015-03-10T06:44:00Z,24.18141000,61.42992000,95.25
2015-03-10T06:43:00Z,24.17715000,61.41208000,95.75
2015-03-10T06:42:00Z,24.17140000,61.39219000,95.5
2015-03-10T06:42:00Z,24.16601000,61.37233000,94.75
2015-03-10T06:40:00Z,24.15515000,61.33246000,93.75
2015-03-10T06:38:00Z,24.14797000,61.30884000,93.25
2015-03-10T06:37:00Z,24.14246000,61.28886000,93.0
2015-03-10T06:36:00Z,24.13781000,61.26913000,93.0
2015-03-10T06:34:00Z,24.12724000,61.22906000,92.0
2015-03-10T06:33:00Z,24.12142000,61.20926000,92.0
2015-03-10T06:32:00Z,24.11546000,61.18890000,92.0
2015-03-10T06:31:00Z,24.10979000,61.16979000,90.25
2015-03-10T06:29:00Z,24.09803000,61.12922000,86.75
2015-03-10T06:28:00Z,24.09248000,61.10970000,86.75
2015-03-10T06:27:00Z,24.08838000,61.09173000,87.75
2015-03-10T06:26:00Z,24.08325000,61.07011000,88.0
2015-03-10T06:24:00Z,24.07266000,61.02956000,88.0
2015-03-10T06:23:00Z,24.06726000,61.00936000,88.0
2015-03-10T06:22:00Z,24.06070000,60.98780000,87.5
2015-03-10T06:21:00Z,24.05471000,60.96798000,86.75
2015-03-10T06:19:00Z,24.04419000,60.92984000,85.75
2015-03-10T06:18:00Z,24.03952000,60.91057000,83.0
2015-03-10T06:17:00Z,24.03697000,60.88805000,83.25
2015-03-10T06:16:00Z,24.03446000,60.87031000,84.25
2015-03-10T06:14:00Z,24.03083000,60.82986000,83.5
2015-03-10T06:13:00Z,24.02934000,60.81063000,83.25
2015-03-10T06:12:00Z,24.02718000,60.79058000,83.25
2015-03-10T06:11:00Z,24.02483000,60.77109000,83.0
2015-03-10T06:09:00Z,24.01997000,60.73138000,82.25
2015-03-10T06:08:00Z,24.01778000,60.71183000,81.5
2015-03-10T06:07:00Z,24.01593000,60.69170000,73.0
2015-03-10T06:06:00Z,24.01405000,60.67275000,73.0
2015-03-10T06:04:00Z,24.01108000,60.63461000,72.0
2015-03-10T06:03:00Z,24.00729000,60.61502000,72.0
2015-03-10T06:02:00Z,24.00337000,60.59546000,72.25
2015-03-10T06:02:00Z,23.99926000,60.57613000,71.75
2015-03-10T05:59:00Z,23.99165000,60.53781000,71.25
2015-03-10T05:59:00Z,23.98781000,60.51896000,70.5
2015-03-10T05:57:00Z,23.98374000,60.49924000,70.5
2015-03-10T05:56:00Z,23.98011000,60.48119000,70.25
2015-03-10T05:54:00Z,23.97281000,60.44277000,69.25
2015-03-10T05:53:00Z,23.96957000,60.42501000,69.5
2015-03-10T05:52:00Z,23.96614000,60.40623000,68.5
2015-03-10T05:51:00Z,23.96245000,60.38646000,68.5
2015-03-10T05:49:00Z,23.95576000,60.34916000,67.75
2015-03-10T05:48:00Z,23.95287000,60.33244000,67.75
2015-03-10T05:47:00Z,23.94972000,60.31380000,67.75
2015-03-10T05:46:00Z,23.94671000,60.29550000,67.75
2015-03-10T05:45:00Z,23.94066000,60.25816000,67.25
2015-03-10T05:43:00Z,23.93780000,60.23930000,66.75
2015-03-10T05:43:00Z,23.93494000,60.22046000,66.75
2015-03-10T05:41:00Z,23.93323000,60.20140000,67.0
2015-03-10T05:40:00Z,23.92401000,60.16452000,68.5
2015-03-10T05:39:00Z,23.91881000,60.14598000,67.25
2015-03-10T05:38:00Z,23.91492000,60.12728000,66.25
2015-03-10T05:36:00Z,23.91080000,60.10868000,66.5
2015-03-10T05:35:00Z,23.90393000,60.07166000,66.25
2015-03-10T05:33:00Z,23.90032000,60.05338000,66.25
2015-03-10T05:32:00Z,23.89733000,60.03512000,65.25
2015-03-10T05:32:00Z,23.89522000,60.01712000,65.25
2015-03-10T05:29:00Z,23.88836000,59.98193000,64.75
2015-03-10T05:28:00Z,23.88645000,59.96443000,64.5
2015-03-10T05:28:00Z,23.88352000,59.94741000,64.0
2015-03-10T05:27:00Z,23.88026000,59.93055000,64.5
2015-03-10T05:24:00Z,23.86973000,59.89901000,64.25
2015-03-10T05:24:00Z,23.86408000,59.88417000,63.75
2015-03-10T05:22:00Z,23.85850000,59.86930000,63.75
2015-03-10T05:22:00Z,23.85244000,59.85504000,64.25
2015-03-10T05:21:00Z,23.84712000,59.84026000,63.0
2015-03-10T05:18:00Z,23.83912000,59.81021000,60.75
2015-03-10T05:18:00Z,23.83886000,59.79426000,60.0
2015-03-10T05:17:00Z,23.83948000,59.77811000,60.75
2015-03-10T05:16:00Z,23.83965000,59.76199000,60.75
2015-03-10T05:13:00Z,23.83460000,59.73168000,60.5
2015-03-10T05:12:00Z,23.83664000,59.71443000,59.75
2015-03-10T05:11:00Z,23.83716000,59.70118000,59.75
2015-03-10T05:10:00Z,23.83537000,59.68631000,60.75
2015-03-10T05:08:00Z,23.83047000,59.65727000,58.75
2015-03-10T05:08:00Z,23.83064000,59.64350000,56.5
2015-03-10T05:07:00Z,23.83223000,59.62874000,53.25
2015-03-10T05:05:00Z,23.83086000,59.61354000,54.5
2015-03-10T05:04:00Z,23.83009000,59.58276000,52.25
2015-03-10T05:03:00Z,23.82947000,59.56713000,53.5
2015-03-10T05:02:00Z,23.82598000,59.55249000,54.5
2015-03-10T05:01:00Z,23.82179000,59.53778000,55.0
2015-03-10T05:00:00Z,23.81697000,59.52351000,54.5
2015-03-10T04:58:00Z,23.81040000,59.49558000,54.75
2015-03-10T04:56:00Z,23.80816000,59.48162000,53.5
2015-03-10T04:56:00Z,23.80779000,59.46807000,53.5
2015-03-10T04:54:00Z,23.80532000,59.45314000,54.25
2015-03-10T04:52:00Z,23.80146000,59.42566000,54.25
2015-03-10T04:52:00Z,23.79741000,59.41273000,54.0
2015-03-10T04:51:00Z,23.79427000,59.39835000,53.75
2015-03-10T04:50:00Z,23.79107000,59.38407000,53.5
2015-03-10T04:48:00Z,23.78545000,59.35557000,53.5
2015-03-10T04:47:00Z,23.78226000,59.34155000,53.75
2015-03-10T04:46:00Z,23.77927000,59.32792000,53.5
2015-03-10T04:45:00Z,23.77651000,59.31478000,52.75
2015-03-10T04:44:00Z,23.77830000,59.30209000,53.5
2015-03-10T04:42:00Z,23.77995000,59.27737000,52.75
2015-03-10T04:41:00Z,23.77899000,59.26566000,60.0
2015-03-10T04:40:00Z,23.77597000,59.25414000,60.25
2015-03-10T04:39:00Z,23.77304000,59.24340000,57.5
2015-03-10T04:37:00Z,23.77664000,59.22027000,56.5
2015-03-10T04:35:00Z,23.77860000,59.20707000,63.0
2015-03-10T04:35:00Z,23.77708000,59.19601000,68.0
2015-03-10T04:34:00Z,23.77379000,59.18661000,49.75
2015-03-10T04:32:00Z,23.76471000,59.16777000,66.5
2015-03-10T04:31:00Z,23.76066000,59.15736000,52.0
2015-03-10T04:30:00Z,23.75677000,59.14660000,58.0
2015-03-10T04:29:00Z,23.75342000,59.13639000,57.25
2015-03-10T04:27:00Z,23.74932000,59.11477000,57.25
2015-03-10T04:26:00Z,23.74729000,59.10425000,57.25
2015-03-10T04:25:00Z,23.74521000,59.09358000,57.75
2015-03-10T04:24:00Z,23.74429000,59.08252000,56.0
2015-03-10T04:23:00Z,23.74572000,59.07004000,56.0
2015-03-10T04:21:00Z,23.74611000,59.04556000,56.0
2015-03-10T04:20:00Z,23.74508000,59.03434000,56.0
2015-03-10T04:19:00Z,23.74478000,59.02317000,56.0
2015-03-10T04:18:00Z,23.74377000,59.01230000,56.0
2015-03-10T04:16:00Z,23.73963000,58.99194000,56.75
2015-03-10T04:15:00Z,23.73801000,58.98183000,56.5
2015-03-10T04:14:00Z,23.73632000,58.97148000,56.0
2015-03-10T04:13:00Z,23.73551000,58.96084000,56.0
2015-03-10T04:11:00Z,23.73251000,58.94179000,54.0
2015-03-10T04:10:00Z,23.73375000,58.93145000,47.0
2015-03-10T04:09:00Z,23.73355000,58.92057000,48.25
2015-03-10T04:08:00Z,23.73572000,58.90934000,50.0
2015-03-10T04:07:00Z,23.73715000,58.89833000,49.25
2015-03-10T04:05:00Z,23.73567000,58.87615000,51.5
2015-03-10T04:04:00Z,23.73584000,58.86462000,49.0
2015-03-10T04:03:00Z,23.73722000,58.85295000,52.5
2015-03-10T04:02:00Z,23.73800000,58.84182000,53.0
2015-03-10T03:59:00Z,23.72723000,58.82281000,54.0
2015-03-10T03:58:00Z,23.72561000,58.81417000,53.5
2015-03-10T03:57:00Z,23.72828000,58.80308000,55.75
2015-03-10T03:57:00Z,23.72725000,58.79317000,54.75
2015-03-10T03:55:00Z,23.73032000,58.77332000,55.75
2015-03-10T03:54:00Z,23.73070000,58.76361000,55.5
2015-03-10T03:53:00Z,23.73283000,58.75467000,56.0
2015-03-10T03:52:00Z,23.73224000,58.74494000,56.0
2015-03-10T03:50:00Z,23.72766000,58.72767000,56.0
2015-03-10T03:49:00Z,23.72650000,58.71811000,56.0
2015-03-10T03:48:00Z,23.72491000,58.70859000,56.25
2015-03-10T03:47:00Z,23.72285000,58.69912000,56.75
2015-03-10T03:46:00Z,23.72103000,58.68989000,56.5
2015-03-10T03:44:00Z,23.71782000,58.67082000,56.75
2015-03-10T03:43:00Z,23.71576000,58.66055000,56.75
2015-03-10T03:42:00Z,23.71391000,58.64973000,57.0
2015-03-10T03:41:00Z,23.71179000,58.63941000,57.25
2015-03-10T03:39:00Z,23.70792000,58.62006000,57.75
2015-03-10T03:38:00Z,23.70586000,58.61035000,57.75
2015-03-10T03:37:00Z,23.70336000,58.60058000,57.75
2015-03-10T03:36:00Z,23.70142000,58.59126000,58.0
2015-03-10T03:34:00Z,23.69753000,58.57265000,58.25
2015-03-10T03:33:00Z,23.69521000,58.56327000,58.75
2015-03-10T03:32:00Z,23.69276000,58.55382000,58.75
2015-03-10T03:31:00Z,23.69054000,58.54479000,59.0
2015-03-10T03:29:00Z,23.68606000,58.52668000,59.0
2015-03-10T03:28:00Z,23.68350000,58.51735000,59.75
2015-03-10T03:27:00Z,23.68173000,58.50856000,59.75
2015-03-10T03:26:00Z,23.68333000,58.49999000,62.75
2015-03-10T03:25:00Z,23.68262000,58.49099000,62.75
2015-03-10T03:23:00Z,23.67469000,58.47304000,63.25
2015-03-10T03:22:00Z,23.67113000,58.46393000,63.25
2015-03-10T03:21:00Z,23.66812000,58.45486000,63.25
2015-03-10T03:20:00Z,23.66497000,58.44546000,63.5
2015-03-10T03:18:00Z,23.66287000,58.42732000,64.0
2015-03-10T03:17:00Z,23.65798000,58.42139000,64.5
2015-03-10T03:16:00Z,23.64993000,58.42202000,63.75
2015-03-10T03:15:00Z,23.64225000,58.41898000,64.5
2015-03-10T03:13:00Z,23.62656000,58.41363000,64.5
2015-03-10T03:12:00Z,23.61976000,58.40886000,65.5
2015-03-10T03:11:00Z,23.61242000,58.40638000,65.5
2015-03-10T03:10:00Z,23.60541000,58.40334000,71.0
2015-03-10T03:09:00Z,23.59721000,58.40446000,71.0
2015-03-10T03:07:00Z,23.58087000,58.39957000,69.0
2015-03-10T03:06:00Z,23.57415000,58.39426000,76.5
2015-03-10T03:05:00Z,23.57495000,58.38581000,76.75
2015-03-10T03:04:00Z,23.58000000,58.37873000,76.5
2015-03-10T03:02:00Z,23.58999000,58.38957000,77.0
2015-03-10T03:01:00Z,23.58428000,58.39572000,77.75
2015-03-10T03:00:00Z,23.57749000,58.39202000,78.5
2015-03-10T02:59:00Z,23.57733000,58.38391000,78.5
2015-03-10T02:57:00Z,23.59091000,58.37661000,79.0
2015-03-10T02:56:00Z,23.60034000,58.37716000,79.25
2015-03-10T02:55:00Z,23.60874000,58.37369000,77.25
2015-03-10T02:54:00Z,23.61500000,58.36626000,71.0
2015-03-10T02:53:00Z,23.61633000,58.35632000,71.25
2015-03-10T02:51:00Z,23.61685000,58.33738000,71.5
2015-03-10T02:50:00Z,23.61721000,58.32776000,52.0
2015-03-10T02:49:00Z,23.61789000,58.31811000,52.5
2015-03-10T02:48:00Z,23.61876000,58.30862000,53.0
2015-03-10T02:45:00Z,23.62181000,58.28828000,81.25
2015-03-10T02:44:00Z,23.62333000,58.27758000,81.25
2015-03-10T02:43:00Z,23.62545000,58.26600000,74.75
2015-03-10T02:42:00Z,23.62377000,58.25523000,74.25
2015-03-10T02:40:00Z,23.61908000,58.23481000,55.5
2015-03-10T02:40:00Z,23.60968000,58.23143000,56.0
2015-03-10T02:39:00Z,23.60518000,58.23906000,56.75
2015-03-10T02:38:00Z,23.60507000,58.24873000,57.0
2015-03-10T02:37:00Z,23.60600000,58.25856000,57.5
2015-03-10T02:35:00Z,23.60754000,58.27789000,58.75
2015-03-10T02:34:00Z,23.60784000,58.28183000,93.5
2015-03-10T02:33:00Z,23.60784000,58.28183000,93.5
2015-03-10T02:32:00Z,23.60785000,58.28182000,93.5
2015-03-10T02:30:00Z,23.60785000,58.28201000,93.75
2015-03-10T02:28:00Z,23.60744000,58.28393000,92.75
2015-03-10T02:27:00Z,23.60700000,58.28496000,93.75
2015-03-10T02:25:00Z,23.60661000,58.28588000,93.75
2015-03-10T02:24:00Z,23.60662000,58.28589000,93.75
2015-03-10T02:22:00Z,23.60662000,58.28588000,93.75
2015-03-10T02:21:00Z,23.60658000,58.28598000,93.75
2015-03-10T02:20:00Z,23.60632000,58.28649000,93.75
2015-03-10T02:18:00Z,23.60551000,58.28552000,93.75
2015-03-10T02:17:00Z,23.60549000,58.28489000,93.75
2015-03-10T02:16:00Z,23.60506000,58.28436000,93.75
2015-03-10T02:15:00Z,23.60437000,58.28440000,93.75
2015-03-10T02:13:00Z,23.60359000,58.28388000,93.75
2015-03-10T02:12:00Z,23.60349000,58.28328000,93.75
2015-03-10T02:11:00Z,23.60343000,58.28268000,93.75
2015-03-10T02:09:00Z,23.60332000,58.28142000,93.75
2015-03-10T02:08:00Z,23.60331000,58.28078000,93.75
2015-03-10T02:07:00Z,23.60325000,58.28009000,93.75
2015-03-10T02:06:00Z,23.60318000,58.27941000,93.75
2015-03-10T02:05:00Z,23.60313000,58.27877000,93.75
2015-03-10T02:03:00Z,23.60339000,58.27777000,93.75
2015-03-10T02:02:00Z,23.60364000,58.27737000,93.75
2015-03-10T02:01:00Z,23.60360000,58.27702000,93.75
2015-03-10T02:00:00Z,23.60345000,58.27692000,93.75
2015-03-10T01:58:00Z,23.60307000,58.27658000,93.75
2015-03-10T01:57:00Z,23.60307000,58.27659000,93.75
2015-03-10T01:56:00Z,23.60307000,58.27660000,88.0
2015-03-10T01:55:00Z,23.60305000,58.27658000,94.0
2015-03-10T01:53:00Z,23.60304000,58.27658000,94.0
2015-03-10T01:52:00Z,23.60304000,58.27660000,94.25
2015-03-10T01:51:00Z,23.60304000,58.27659000,94.25
2015-03-10T01:50:00Z,23.60304000,58.27658000,94.25
2015-03-10T01:48:00Z,23.60303000,58.27660000,94.25
2015-03-10T01:47:00Z,23.60305000,58.27659000,94.25
2015-03-10T01:46:00Z,23.60305000,58.27659000,94.25
2015-03-10T01:45:00Z,23.60304000,58.27658000,94.25
2015-03-10T01:44:00Z,23.60304000,58.27658000,94.25
2015-03-10T01:41:00Z,23.60306000,58.27658000,94.25
2015-03-10T01:40:00Z,23.60304000,58.27659000,94.25
2015-03-10T01:39:00Z,23.60305000,58.27659000,94.25
2015-03-10T01:39:00Z,23.60305000,58.27659000,94.25
2015-03-10T01:37:00Z,23.60304000,58.27658000,94.25
2015-03-10T01:36:00Z,23.60304000,58.27659000,94.25
2015-03-10T01:35:00Z,23.60304000,58.27658000,94.25
2015-03-10T01:33:00Z,23.60304000,58.27657000,94.25
2015-03-10T01:32:00Z,23.60304000,58.27659000,94.25
2015-03-10T01:31:00Z,23.60301000,58.27658000,94.25
2015-03-10T07:13:00Z,24.30087,62.02658,98.5
2015-03-10T07:14:00Z,24.3036,62.04694,104.0
2015-03-10T07:15:00Z,24.30568,62.06712,106.0
2015-03-10T07:16:00Z,24.30701,62.09034,106.75
2015-03-10T07:17:00Z,24.30939,62.10888,103.75
2015-03-10T07:18:00Z,24.31277,62.13091,102.5
2015-03-10T07:19:00Z,24.31568,62.15229,103.75
2015-03-10T07:20:00Z,24.31795,62.17238,104.75
2015-03-10T07:21:00Z,24.32013,62.1937,106.0
2015-03-10T07:22:00Z,24.32275,62.21448,106.75
2015-03-10T07:23:00Z,24.32581,62.23647,106.75
2015-03-10T07:24:00Z,24.32877,62.25837,107.75
2015-03-10T07:25:00Z,24.33208,62.28034,107.0
2015-03-10T07:26:00Z,24.33598,62.30214,107.25
2015-03-10T07:27:00Z,24.33815,62.3217,108.0
2015-03-10T07:28:00Z,24.34057,62.34042,108.75
2015-03-10T07:29:00Z,24.34355,62.3637,106.75
2015-03-10T07:30:00Z,24.34643,62.38717,107.0
2015-03-10T07:31:00Z,24.34929,62.40777,106.75
2015-03-10T07:32:00Z,24.35191,62.42829,107.0
2015-03-10T07:33:00Z,24.35522,62.44783,110.75
2015-03-10T07:34:00Z,24.35967,62.47036,111.0
2015-03-10T07:35:00Z,24.36219,62.49227,110.25
2015-03-10T07:36:00Z,24.36476,62.51352,110.5
2015-03-10T07:37:00Z,24.36749,62.53535,110.75
2015-03-10T07:38:00Z,24.37186,62.55692,111.25
2015-03-10T07:39:00Z,24.37591,62.57925,111.75
2015-03-10T07:40:00Z,24.37955,62.60027,111.75
2015-03-10T07:41:00Z,24.38306,62.61959,111.75
2015-03-10T07:42:00Z,24.38712,62.6417,111.0
2015-03-10T07:43:00Z,24.39056,62.66344,110.5
2015-03-10T07:44:00Z,24.39552,62.68639,110.0
2015-03-10T07:45:00Z,24.39984,62.70812,110.0
2015-03-10T07:46:00Z,24.4053,62.7332,110.0
2015-03-10T07:47:00Z,24.40992,62.755,110.5
2015-03-10T07:48:00Z,24.41471,62.77633,110.0
2015-03-10T07:49:00Z,24.41935,62.79851,109.75
2015-03-10T07:50:00Z,24.42266,62.81809,110.0
2015-03-10T07:51:00Z,24.42722,62.8394,110.25
2015-03-10T07:52:00Z,24.4326,62.86402,110.5
2015-03-10T07:53:00Z,24.43917,62.88737,111.0
2015-03-10T07:54:00Z,24.44452,62.90877,110.0
2015-03-10T07:55:00Z,24.44721,62.92794,114.75
2015-03-10T07:56:00Z,24.45057,62.95086,114.0
2015-03-10T07:57:00Z,24.45311,62.97124,114.0
2015-03-10T07:58:00Z,24.45534,62.9952,114.0
2015-03-10T07:59:00Z,24.45792,63.0202,114.5
2015-03-10T08:00:00Z,24.46029,63.04249,115.25
2015-03-10T08:01:00Z,24.46202,63.0645,115.75
2015-03-10T08:02:00Z,24.46401,63.08645,100.25
2015-03-10T08:03:00Z,24.46539,63.10624,99.75
2015-03-10T08:05:00Z,24.47043,63.15407,100.25
2015-03-10T08:06:00Z,24.47333,63.17643,100.75
2015-03-10T08:07:00Z,24.47634,63.19842,102.25
2015-03-10T08:09:00Z,24.47959,63.22048,102.0
2015-03-10T08:10:00Z,24.48524,63.26001,99.75
2015-03-10T08:11:00Z,24.48835,63.28138,101.25
2015-03-10T08:12:00Z,24.49048,63.30278,102.0
2015-03-10T08:13:00Z,24.49397,63.32592,102.25
2015-03-10T08:15:00Z,24.49996,63.36963,102.75
2015-03-10T08:16:00Z,24.50281,63.39036,102.0
2015-03-10T08:17:00Z,24.50567,63.41148,103.0
2015-03-10T08:19:00Z,24.50867,63.43256,103.0
2015-03-10T08:20:00Z,24.51432,63.47464,103.0
2015-03-10T08:21:00Z,24.51675,63.49599,102.25
2015-03-10T08:22:00Z,24.51881,63.5176,103.25
2015-03-10T08:24:00Z,24.52024,63.53958,103.5
2015-03-10T08:25:00Z,24.52238,63.58392,103.5
2015-03-10T08:26:00Z,24.52345,63.60666,103.75
2015-03-10T08:27:00Z,24.52463,63.62912,103.5
2015-03-10T08:28:00Z,24.52617,63.65184,103.75
2015-03-10T08:29:00Z,24.52822,63.67489,103.5
2015-03-10T08:30:00Z,24.52955,63.69804,103.0
2015-03-10T08:31:00Z,24.53139,63.72169,103.0
2015-03-10T08:32:00Z,24.53305,63.74554,103.0
2015-03-10T08:33:00Z,24.53472,63.76988,103.5
2015-03-10T08:34:00Z,24.53659,63.79389,103.0
2015-03-10T08:35:00Z,24.53839,63.81913,102.25
2015-03-10T08:37:00Z,24.5408,63.84398,102.75
2015-03-10T08:37:00Z,24.54265,63.86824,102.75
2015-03-10T08:39:00Z,24.54405,63.89435,102.25
2015-03-10T08:39:00Z,24.54506,63.91822,102.0
2015-03-10T08:40:00Z,24.54698,63.94508,102.0
2015-03-10T08:41:00Z,24.54873,63.97054,102.5
2015-03-10T08:42:00Z,24.54585,63.99482,102.25
2015-03-10T08:43:00Z,24.54331,64.01939,101.5
2015-03-10T08:44:00Z,24.54311,64.04244,102.25
2015-03-10T08:45:00Z,24.54205,64.06969,102.25
2015-03-10T08:46:00Z,24.54028,64.09454,102.0
2015-03-10T08:47:00Z,24.53898,64.11957,102.0
2015-03-10T08:49:00Z,24.53619,64.16496,102.0
2015-03-10T08:50:00Z,24.53422,64.19089,102.0
2015-03-10T08:51:00Z,24.53688,64.2169,120.25
2015-03-10T08:52:00Z,24.54012,64.24178,118.75
2015-03-10T08:54:00Z,24.54857,64.2906,117.25
2015-03-10T08:55:00Z,24.55596,64.31911,107.75
2015-03-10T08:56:00Z,24.55989,64.34038,108.0
2015-03-10T08:57:00Z,24.56457,64.36742,107.5
2015-03-10T08:59:00Z,24.57494,64.42144,107.5
2015-03-10T09:00:00Z,24.57971,64.44717,106.5
2015-03-10T09:01:00Z,24.58398,64.4707,106.5
2015-03-10T09:02:00Z,24.58882,64.4968,106.0
2015-03-10T09:04:00Z,24.59848,64.54847,105.75
2015-03-10T09:05:00Z,24.60288,64.57289,105.0
2015-03-10T09:06:00Z,24.60786,64.59779,104.25
2015-03-10T09:07:00Z,24.61309,64.62518,103.75
2015-03-10T09:08:00Z,24.61779,64.65038,103.0
2015-03-10T09:09:00Z,24.62162,64.67218,102.5
2015-03-10T09:10:00Z,24.62717,64.70148,102.0
2015-03-10T09:11:00Z,24.63195,64.72697,101.25
2015-03-10T09:12:00Z,24.63714,64.75226,101.5
2015-03-10T09:13:00Z,24.64191,64.77732,101.5
2015-03-10T09:14:00Z,24.64693,64.80264,101.0
2015-03-10T09:15:00Z,24.65211,64.82777,101.0
2015-03-10T09:16:00Z,24.65712,64.85304,101.0
2015-03-10T09:17:00Z,24.66115,64.87799,100.25
2015-03-10T09:18:00Z,24.66332,64.90156,100.25
2015-03-10T09:19:00Z,24.66581,64.92807,100.25
2015-03-10T09:20:00Z,24.66601,64.95287,100.5
2015-03-10T09:21:00Z,24.66136,64.97585,100.0
2015-03-10T09:22:00Z,24.65649,64.99856,99.75
2015-03-10T09:23:00Z,24.65182,65.02115,100.5
2015-03-10T09:24:00Z,24.64746,65.04401,99.75
2015-03-10T09:25:00Z,24.64312,65.06657,99.25
2015-03-10T09:26:00Z,24.63866,65.08918,102.0
2015-03-10T09:27:00Z,24.63496,65.11124,101.25
2015-03-10T09:28:00Z,24.63053,65.13185,101.0
2015-03-10T09:29:00Z,24.62518,65.1582,100.0
2015-03-10T09:30:00Z,24.61949,65.17994,100.5
2015-03-10T09:31:00Z,24.61491,65.20303,100.0
2015-03-10T09:32:00Z,24.61047,65.22609,100.0
2015-03-10T09:33:00Z,24.60548,65.24899,100.25
2015-03-10T09:34:00Z,24.60151,65.27264,100.0
2015-03-10T09:35:00Z,24.59727,65.29621,100.0
2015-03-10T09:36:00Z,24.59236,65.31944,99.75
2015-03-10T09:38:00Z,24.58363,65.36634,99.75
2015-03-10T09:39:00Z,24.57889,65.38958,99.75
2015-03-10T09:40:00Z,24.57457,65.41257,99.75
2015-03-10T09:41:00Z,24.56938,65.43608,99.5
2015-03-10T09:42:00Z,24.56322,65.45798,97.0
2015-03-10T09:43:00Z,24.55772,65.48042,94.75
2015-03-10T09:44:00Z,24.5524,65.50304,95.5
2015-03-10T09:45:00Z,24.5459,65.5246,96.25
2015-03-10T09:46:00Z,24.54025,65.54589,97.25
2015-03-10T09:47:00Z,24.53476,65.56801,97.25
2015-03-10T09:48:00Z,24.52905,65.58949,97.5
2015-03-10T09:49:00Z,24.52304,65.61064,97.75
2015-03-10T09:50:00Z,24.51572,65.63046,98.0
2015-03-10T09:51:00Z,24.50759,65.64899,98.25
2015-03-10T09:52:00Z,24.49915,65.66612,98.0
2015-03-10T09:53:00Z,24.49265,65.68595,98.25
2015-03-10T09:54:00Z,24.4873,65.70703,98.25
2015-03-10T09:55:00Z,24.48352,65.72908,95.75
2015-03-10T09:56:00Z,24.4795,65.75099,95.75
2015-03-10T09:57:00Z,24.47561,65.77327,95.75
2015-03-10T09:58:00Z,24.47199,65.79645,96.25
2015-03-10T09:59:00Z,24.46817,65.81954,96.25
2015-03-10T10:00:00Z,24.46452,65.84303,96.5
2015-03-10T10:01:00Z,24.46053,65.86652,97.0
2015-03-10T10:02:00Z,24.45673,65.89013,97.0
2015-03-10T10:03:00Z,24.45317,65.91461,97.0
2015-03-10T10:04:00Z,24.44964,65.93938,97.0
2015-03-10T10:05:00Z,24.44633,65.96447,97.75
2015-03-10T10:06:00Z,24.44331,65.98947,97.25
2015-03-10T10:07:00Z,24.44047,66.01497,97.0
2015-03-10T10:08:00Z,24.43712,66.04071,97.5
2015-03-10T10:09:00Z,24.43326,66.06675,97.75
2015-03-10T10:10:00Z,24.42938,66.09249,97.75
2015-03-10T10:11:00Z,24.42521,66.11855,97.75
2015-03-10T10:12:00Z,24.42092,66.14474,97.5
2015-03-10T10:13:00Z,24.41687,66.17107,97.75
2015-03-10T10:14:00Z,24.41234,66.19738,97.75
2015-03-10T10:15:00Z,24.40847,66.2237,97.5
2015-03-10T10:16:00Z,24.40382,66.24966,97.75
2015-03-10T10:17:00Z,24.39891,66.27551,103.5
2015-03-10T10:18:00Z,24.39433,66.3012,102.5
2015-03-10T10:19:00Z,24.38941,66.32682,104.0
2015-03-10T10:20:00Z,24.38454,66.35265,105.0
2015-03-10T10:21:00Z,24.38075,66.37896,104.25
2015-03-10T10:22:00Z,24.37924,66.40602,103.75
2015-03-10T10:23:00Z,24.38041,66.43427,103.0
2015-03-10T10:24:00Z,24.38143,66.4628,102.5
2015-03-10T10:25:00Z,24.3826,66.49051,101.75
2015-03-10T10:26:00Z,24.38452,66.51817,101.5
2015-03-10T10:27:00Z,24.38695,66.54547,101.25
2015-03-10T10:28:00Z,24.38926,66.57265,101.0
2015-03-10T10:29:00Z,24.39309,66.60069,102.5
2015-03-10T10:30:00Z,24.39621,66.62837,101.0
2015-03-10T10:31:00Z,24.39417,66.65497,101.0
2015-03-10T10:32:00Z,24.38909,66.67926,100.25
2015-03-10T10:33:00Z,24.38662,66.70522,100.25
2015-03-10T10:34:00Z,24.38109,66.72836,99.75
2015-03-10T10:35:00Z,24.37737,66.75155,99.75
2015-03-10T10:36:00Z,24.37444,66.77504,99.5
2015-03-10T10:37:00Z,24.37138,66.79815,99.5
2015-03-10T10:38:00Z,24.36812,66.82106,100.0
2015-03-10T10:39:00Z,24.36498,66.84382,100.5
2015-03-10T10:40:00Z,24.36015,66.8655,99.0
2015-03-10T10:41:00Z,24.35481,66.88666,96.0
2015-03-10T10:42:00Z,24.34889,66.9072,96.5
2015-03-10T10:43:00Z,24.34547,66.92978,96.75
2015-03-10T10:44:00Z,24.34272,66.9525,96.75
2015-03-10T10:45:00Z,24.33931,66.97546,97.5
2015-03-10T10:46:00Z,24.33455,66.99759,97.25
2015-03-10T10:47:00Z,24.33245,67.01977,97.75
2015-03-10T10:48:00Z,24.32979,67.0441,98.0
2015-03-10T10:49:00Z,24.32626,67.06703,97.75
2015-03-10T10:50:00Z,24.3207,67.08804,98.0
2015-03-10T10:51:00Z,24.31544,67.1096,98.0
2015-03-10T10:52:00Z,24.30991,67.13084,98.0
2015-03-10T10:53:00Z,24.3044,67.15216,98.25
2015-03-10T10:54:00Z,24.2992,67.17372,98.25
2015-03-10T10:55:00Z,24.29393,67.19514,97.5
2015-03-10T10:56:00Z,24.28932,67.21684,97.5
2015-03-10T10:57:00Z,24.28691,67.23988,97.5
2015-03-10T10:58:00Z,24.28456,67.26295,97.75
2015-03-10T10:59:00Z,24.28214,67.28599,98.0
2015-03-10T11:00:00Z,24.27968,67.30935,97.5
2015-03-10T11:01:00Z,24.27728,67.33276,97.5
2015-03-10T11:02:00Z,24.27436,67.35677,98.0
2015-03-10T11:03:00Z,24.272,67.38016,97.75
2015-03-10T11:04:00Z,24.27526,67.40415,98.0
2015-03-10T11:05:00Z,24.27794,67.42854,98.0
2015-03-10T11:06:00Z,24.27613,67.45319,98.25
2015-03-10T11:07:00Z,24.27087,67.47528,98.0
2015-03-10T11:08:00Z,24.26594,67.49754,96.75
2015-03-10T11:09:00Z,24.26016,67.51942,97.5
2015-03-10T11:10:00Z,24.25556,67.54218,98.25
2015-03-10T11:11:00Z,24.24949,67.56514,98.0
2015-03-10T11:12:00Z,24.24565,67.58759,98.25
2015-03-10T11:13:00Z,24.24211,67.61306,97.5
2015-03-10T11:14:00Z,24.23996,67.63722,97.75
2015-03-10T11:15:00Z,24.23984,67.66003,98.25
2015-03-10T11:16:00Z,24.24146,67.68842,98.0
2015-03-10T11:17:00Z,24.24151,67.71422,98.0
2015-03-10T11:18:00Z,24.24214,67.73941,98.0
2015-03-10T11:19:00Z,24.24192,67.76482,98.0
2015-03-10T11:20:00Z,24.24152,67.78991,98.0
2015-03-10T11:21:00Z,24.24166,67.81447,98.0
2015-03-10T11:22:00Z,24.24112,67.83898,98.0
2015-03-10T11:23:00Z,24.23901,67.86291,98.0
2015-03-10T11:24:00Z,24.23628,67.88643,98.0
